text,label
"Why she trying so hard to prove that they are sister's, like we know you just are co-workers 💀 We don't gaf to youe sister dynamic duo",unverified_gossip
"""double standards"" Adela doesn't collab with kids brands Monster high, Gui Gui slime, Nickelodeon, dti, Toca Boca, Kuromi, literally even made a second animal MV where instead of sweaty lesbian bosses it's school children having a food fight. 

Eyekons always blame the parents but look who's marketing towards the kids??",analytical_critique
"be mindful. hi! I just wanna ask for this not to be taken down please because it’s not just towards this and I this this isn’t to bad bc you made sure nothing was racist and stuff (to whoever wrote the rules) but please just read this.

Everyone here is constantly hating on six incredibly talented girls who have worked extremely hard for what they have. You all need to get a life instead of constantly attacking talented girls for simply living and doing their jobs.

Daniela is not an object, and she does not “overdance.”

Manon is not lazy. She’s incredibly talented and beautiful, and I genuinely hope she’s doing well.

Lara is a great singer and an amazing performer. The racist comments directed toward her are absolutely disgusting and completely unacceptable.

Sophia is such a sweet person, so what exactly is the reason for all the hate toward her?

Megan is not ugly or rude. Having a resting face does not mean she hates her members or anyone else.

Yoonchae is only 18. She is a human being, not a toy for people online to pick apart. She isn’t “bland,” and being successful is not something she should be hated for.

You all need to remember that there are real people behind these screens. Cyberbullying can have incredibly serious and devastating consequences. You never know what someone is going through or how much your words might affect them.

You can dislike their music, performances, or concepts without relentlessly attacking the members themselves.

They are human beings, and they deserve basic respect.

(Not trying to be rude—I just genuinely think some of you need to remember there are real people on the other side of your screen.)",unverified_gossip
"Lara ONLY talks about being Indian but her dad is sri lankan, not Indian. only her mom is Indian. I only found this out today with something random I saw. Why has she never mentioned her Sri Lankan heritage/ethnicity but talks about being Indian and representing brown girls/South Asians all the time?",unverified_gossip
"Daniela stans SWEAR shes all Natural and the Visual Daniela stans are dumb af. She is the member that's gotten the most work done, idky her stans lie up and down that she's a natural beauty when she's not. She's gotten hella lip filler, a very clear and obvious nose job, cheek fillers, she's gotten ass shots and i think she got something done to her eyes aswell, like a cat eye lift cuz they look much more upturned than before. They yap 24/7 that she should be the visual but naturally she was never the prettiest and even with all the work done bare faced imo manon still looks better. Based on all their natural faces manon, megan and yoonchae look better than her, but to her stans since she's a white ""latina mami"" she must be the visual and has always been the visual, when that's just not the case. Nobody gaf about her in SIS era or in dream academy cuz she wasn't that pretty and faded into the background, only after she got all this work done and fed into the latina mami bs did anyone start claiming she should be the visual. How are they gonna say ""thats not daniela without makeup"" when its literally all of them in the Glossier video? They resort to showing a posed picture of her (still has slight makeup on) after shes gotten lots of work done to prove a bs point.

I really don't want to sound like a manon glazer but her natural face is gorgeous (its the whole reason she even debuted and got all those special privileges in the first place), daniela had to reconstruct everything to compete. She has to be shoved down everyones throats for ppl to gravitate towards her, they have to turn katseye into daniela and friends or else nobody notices her. Her stans think she should take over every role in kasteye, they claim she's a better singer than lara despite how awful she sounds live, they say she should be the leader over Sophia and now they're claiming she's the visual. I blame Geffen for making it all about dani its what gave them all this ego. 

Lmao sorry for the rant, they've been incredibly obnoxious for over a year now and i feel nobody ever talks about them. Manon and daniela stans have a lot in common, they act like their bias is a goddess among us/the best thing to ever happen to the point they discredit all the other girls talents and overrate their favourite. Plus the fact they are constantly fighting each other makes it worse.",unverified_gossip
"When will they ever confirm anything about Manon? For the past 7 months it's just been ""we love her sm"" type stuff instead of actually acknowledging the potential of her returning and whenever anyone asks about it they just try to brush off the question with some PR coded responses",unverified_gossip
"Can they just hire a translator for Yoonchae? She sticks out like a sore thumb during interviews because of how quiet she is. I understand that it’s because of the language barrier. It’s not like with Blackpink where the other members can automatically translate for Jisoo since they both speak Korean and English. 

Like why even bother giving her a mic or headset if she’s only gonna blurt out 2 small phrases only say “yeah”2 the rest of the podcast/interview. 

I just wish that we could learn more about her personality. They’re almost 3 years in but I feel like she’s still so dependent on the other members in marketing themselves and getting fan engagement.",analytical_critique
"Well.. KatsAI has finally fallen off. I just took this screenshot, like 3 weeks after wild was released, and it isnt edited.",analytical_critique
Ts is pmo! Ain't no way she looks like lara,emotional_vent
"they make me feel better about my life I live a boring life and sometimes get down on myself for it. But then I remember Katseye and feel way better lol

A FEW reasons below:  
  1.  I get to keep my natural face. I don’t have a corporation pressuring me to get surgery and change the image I see in my own mirror everyday.  
  2.  I’m not sexualizing myself for an audience of young girls/kids and their dads  
  3.  I have a flexible diet and schedule (I eat cheetos for breakfast then watch tv for 12 hours)   
  4.  I’m not publicly scrutinized (sorry that I’m  contributing to their scrutinization… but some people choose to live a public life)  
  5.  I got to finish HS and go to college. If I hate my job, it’ll be easier for me to change careers than them, I think.",unverified_gossip
"How is she not embarrassed..? (+ Lara) Yoonchae did the same move, but she didn't full on flash the audience..

On this tour Lara also did a dance move (which I'm pretty sure is a s\*X move??) where she too flashes her 🩲..

They're done MUCH more embarrassing (and degrading) things than this, but like seriously do they not feel AN OUNCE of embarsement??!",analytical_critique
"eyekons comparing katseye to spice girls.. i’m so sick of eyekons thinking katseye is making an impact when they are nowhere near doing.. they’re always comparing them to michael jackson, madonna, etc.. saying how they’re going to be just as big as them, not if they keep making crappy music that lasts them a month of fame!",analytical_critique
"girl this is proof that as soon as katseye breathes or does something, their fans automatically like it. not saying dani doesn’t look good because i think they fit her, but be serious she’s not wearing them in any special way.",emotional_vent
i strongly disagree when people say yoonchae is the only good member because holy shit she’s boring. i genuinely can’t think of 3 times i even cracked a smile at something she said or did or a meme that was made. i swear the only people who feel that way are kpop stans who are koreaboos and glaze her bc she’s korean,emotional_vent
"“global girl group” and it’s 4 asians, a half hispanic and a black girl. 

it’s genuinely so annoying when people act like katseye is sooo diverse😭😭 especially when dream academy had so many races and ethnicitys, and they chose a group with 99% asian girls… genuinely annoying",analytical_critique
"Katseye isn’t actually global Idk if this has already been written here but I already posted this to TikTok a few months ago so it might seem repetitive but tiktok people are so brainwashed 

Almost all of them are American they just pretend to be “so in touch and proud “ of their “mother country “ they seem to only cater towards America crowds since gnarly (before that it was only Koreans)

Even the parts of the word they represent is a bit of an stretch 

Its weird how to European representation isn’t an actual ethnically European person 

They also seem to pretend Daniella isn’t a white girl, she seems like a whole different ethnicity after gnarly 

The Chinese representation isn’t fully Chinese either and never even lived there

But at least they got an actual Korean and Philippine person! 

There are some kpop groups who are more global than this",unverified_gossip
Manon and David unfollowing eachother again? Is it a glitch or something because manon posted him.. 😬,unverified_gossip
"what’s the obsession with showing up from manon in dream academy to the interviews since her hiatus to sophia’s hiatus announcement these girls and their team have never once stopped talking about showing up. they do this more than kpop groups and the reason i mention this is bc it’s a known fact the kpop industry is toxic and will ensure idols do the job even sick or injured but still they do not constantly say show up all the time!

now they’re even saying a thank u to the fans for showing up which before anyone says im reaching hear me out

im not saying they’re wrong for thanking their fans they have a right to be grateful for a crowd cheering for them and all those fans. BUT they use this phrasing so much to the point it’s even in a thank you message? for the BC tour they would say thank u eyekons we love u lalala now its thank u for showing up from both of the girls

my main point isn’t even the weverse message its more so how obsessed they’ve all become with this idea of showing up when they just did a tour with 4/6 members and missed multiple things recently bc a member was ill or injured",unverified_gossip
shitty fandom the fact that they paid to send those messages is insane no support to her solo song not even a simple hello just straight up slandering her 🫩 not to mention fans pulling danielas hair and touching megan inappropriately during time lapse. Everytime they try to speak up or set a boundary they have to add emojis and soften the blow so shitcons don’t get offended,analytical_critique
"facial harmony i think the reason only a few of them look good in every era and not all of them is bc they don’t all suit the same styling

i put some examples of when i think they all were styled the best

again this is preference and most won’t agree but i think yoonchae stands out with this look and lara’s soft glam here suits her. 

daniela looks better with thin eyebrows and a side part imo so im also a fan of this look for her.  i also like sophia’s styling for the pinky up performance in korea i think the subtle makeup worked well with her features. these are from WILD

megan with the ginger has always been the best hair colour for her it suits her more pale tone and the middle part works better along with the soft makeup. 

manon has a versatile face like megan’s and most people agree they fit most concepts the best but this was my favourite styling for her. i’m a fan of the french curl braids being in a bun and the soft makeup before she got the awful lip filler these are from SIS

now obviously these are just my own opinions and i wanna see what anyone else thinks but their best looks being from different eras is why they look a mess when they try go for a baddie look one year then a soft look the next. some of them suit heavier makeup and some of them suit softer makeup. some of them suit lighter colours some of them suit darker colours. but how messy would it look with megan’s look during SIS and lara’s look during WILD",unverified_gossip
"Eyekons glazing yoonchaes every move why do eyekons edit/glaze everything yoonchae says as 

if it's iconic. like they try so hard to make her seem like a interesting, iconic, unbothered ""makne"", it's hilarious.",emotional_vent
Which one has had the most surgery?,unverified_gossip
Why are the comments trying to defend her so much? Didn’t she admit to bullying Yoonchae?,unverified_gossip
"Not utilising the other 5 girls cultures I remember when gabriela first dropped i was glad they were moving away from kids bop slop like gnarly and incorporating the girls cultures, yk since theyre a global group. I thought they'd go around all their cultures and make a song each, do afro beats since its very popular now, a mv with laras culture etc. But ofcourse its only Latin American they are focusing on and their bs kids bop music, they need to focuz on the other girls and stop with the daniela and friends bs.",analytical_critique
Manons life now Manon really just wants to surround herself with legit crackhead activities. She was literally the pinnacle of Katseye and she is back to just being high and hanging out with low lives,analytical_critique
"KATSEYE's 3 MVs may had a good run for this year but it feels off and incomplete I'm just glad that the 3 MVs they released this year had good numbers with all of them have more 1M likes each, especially the numbers for Animal and Hootie Frutti are crazy. However, it feels off knowing the group has been growing through this now with 2 members on hiatus, some dramas, chaos, conflicts, etc. 

It did not feel the same way as 2024 and 2025 did",unverified_gossip
"manon being treated like voldemort even on their mic’s 😭 after lara doing PR saying no rumours are true about anyone leaving, pics dropped of their mics and manon‘s (the one with yellow) is constantly covered while sophia (whose also on hiatus) isnt. it’s been obvious she isn’t coming back but i just find it insane how far they go to erase her while refusing to release a actual statement 😬",unverified_gossip
"Petty Snark: Can She Please Hire A Better Henna/Mehndi Artist? This is petty snark it’s not the worse issue in the world, I just saw her instagram story and I didn’t like the henna.

Henna and mehndi is the same thing, some countries call it henna and some cultures call it mehndi, do I decided to interchange them.

If you go on Pinterest or TikTok, you’ll see so many beautiful mehndi designs by incredibly skilled artists. I genuinely don’t know who’s doing Lara’s henna, but the work just isn’t that impressive. She’s making enough money that she could easily support a talented Indian mehndi artist who would give her much more beautiful work. I wasn’t impressed with her henna at the vmas either.",analytical_critique
"She was so annoying ik this is a snark sub but i just felt like sharing 

I really hated her till the end honestly",emotional_vent
"does yoonchae really show her personality? now while i feel like the topic of yoonchae being bland is discussed kind of a lot in this subreddit, i want to add my 2 cents too

even with yoonchae being in a more “free” agency (hxg) rather than just hybe or a strict kpop entertainment, I feel like we still don’t see much of her personality 

which to me is interesting because a lot of the katseye members are very similar, but even then members like megan or manon we got to understand more of how they are. they stood out personality wise (megan especially during beautiful chaos era, not so sure now)

but yoonchae, who I wouldn’t say is boring, doesn’t stand out as much when it comes to how she acts…

what I DO notice though is once she started acting a bit more “mature”, like the other members, and dyed her hair blonde, it seems like eyekons are saying we’re seeing her more but I don’t think so? i think she’s just becoming more westernized.

I feel like I could’ve worded this better, but what do you guys think?",analytical_critique
"some of these girls boutta go bald💀💀💀 i put the girls in the order of each hair color theyve gotten and i didnt add manon cuz most of her hairstyles are just braids or her natural do, so the slides would be millions lmao🤣🤣

as u can see, sophia is the one who has experimented the least with her hair since she debuted, the bleached tips on her hair were actually extensions (or clip ons, idk what to call them lol) and thats probably why her hair looks the healthiest cuz imo, she hasnt really changed it at all

megan and lara on the other hand😬😬😬

i think yall can obviously tell whos hair has been experimented on the most🤧🤧😭",analytical_critique
"girl what💀💀😭😭😭 the average single digit aged eyeshit pretending to be a snarker🤣🤣🤣

my guy DEFINITELY needs help🤧🤧",unverified_gossip
could this be Sophia's solo part? she lacks in dancing and this way better than whatever else they would've had her do. and it's a filipino soundtrack!,analytical_critique
"who do you think has underrated/overrated talent? for example, everyone says manon is weakest in the group, but i think her singing a really stable and unique + her dancing’s fun to watch. i’d put her above megan in singing and above sophia in dance. 

and for overrated, yoonchae isn’t the best dancer which is why i think manons equal to her. yoonchaes hips and chest are so stiff",analytical_critique
"I know this is a boring topic by now Sometimes, I wonder why ppl pretend like manon hiatus is normal. Im just laughing at the replies. This hiatus is bringing the delusion out of everybody.  Hxg dgaf abt any of their ""health"" or ""wellbeing""",unverified_gossip
"What the hell? Found this on LAinfluencersnark what the hell?

I won't call Adela it girl just because she had like two hits? But what the hell is this post lol",analytical_critique
Eyekids acting like conspiracy theorists in 2012 trying to say that Katseye joined the illuminati. Let's pack it up 6 year olds,unverified_gossip
"My god, not even KREW is safe.",emotional_vent
"Do you think Megan is upset at Sophia for going on hiatus? I can definitely imagine Megan being pissed at Sophia for going on hiatus for mental health reasons while Megan is having physical health problems… but they need at least 4 people to perform, so Megan is hoping Sophia comes back soon so that she can go on hiatus. What do you think?",unverified_gossip
"Why do people think Yoonchae will debut in a kpop group if Katseye fails? I’ve come across so many people who say that they think Yoonchae will debut in a Korean kpop group if Katseye fails. Like sure, she trained for it, but right now she’s the most followed member tied with Manon. Even if Katseye fails eventually, I really doubt she would join another group because she is already extremely popular. It would not be fair to whoever she were to debut with because it would then just be Yoonchae and the rest.  
I can see her having some kind of solo career in the kpop industry, but a group? no",analytical_critique
it is literally just an introduction.. 😭,analytical_critique
"Turn the WiFi off I chuckled. A malfunction? The delusion has risen. I even saw some eyecons swearing down Manon is coming back because the girls said so. 

At this point Katseye is just slowly erasing Manon when they can get away with it, never in my life have a seen a hiatus like this. We need a new name for it like ‘the western hiatus’ or hiatUS’ because this is just on another level. They are shamelessly lying to fans. This group is willing to lie so their fans have enough ammo to take down criticism. 

It’s tiring being the only ones who sees through this bs",unverified_gossip
"They so obviously curl her hair to reach this look No more big curls for people to stare at since HxG fried them off and slapped on extensions 

In the first pic, I’m not sure if she has extensions or not (I’m guessing not) but in the last two she clearly does. Her natural hair is now a bit below shoulder length, so this is basically what’s left of her curls after all the damage. And even those are styled, so who knows what state her natural hair is actually in right now when so much of the length/volume we’re seeing comes from extensions and curling rather than her natural hair",analytical_critique
Why are they disregarding all the work these girls put into their careers? Adela and karlee are such talented and amazing girls so why are we STILL relating them to katseye? I can promise you barely half of the ppl who listen to them know they were on a survival show or that they are related to katseye in any way. They put so much effort into making music and making their dreams come true onlt for some eyeshits to say the only rea they are popular is because of their aislop noise pollution group. This is a conversation that is brought uo every other day genuinely eyekons cannot let anyone else have their moment without having to include katseye in it.,analytical_critique
"Annoying eyekid comments no bc this HAS to be kids no one has this much time to spam comment sections. And yes I'm claiming eyekid as a term unless people have been using this already 

[https://youtube.com/shorts/RT1E6y5gQpE?si=8df7lME0v5Rg2jgf](https://youtube.com/shorts/RT1E6y5gQpE?si=8df7lME0v5Rg2jgf)",emotional_vent
Not Lara licking the cake 😂 Seems like Yoonchae just smelling it lmao,emotional_vent
They look dead and done asf It’s like they were tryna serve but they ended looking tired asf (they probably are),analytical_critique
"They are so delusional Did they forget they were the same ones who said Adela was just some ""untalented,bitter  and jealous white girl"" ?! Why would you want your fav to work with someone you think is ""untalented and just bitter""

Her stans are so damn annoying last week I saw they bullied a creator who called them out on their vile behaviour to Naisha and then they called Naisha a racist in the comments. And how Manon is better looking.",analytical_critique
"There is no group feel presence anymore, everyone looks so forced & Daniela so out of touch with them",unverified_gossip
"There is no group feel presence anymore, everyone looks so forced, just separate this trio, looks like they edited Daniela into it, she's so out of with them",unverified_gossip
"Write your snarks and I'll respond as a manon stan I did this last time of the whole group,  and I got banned but I haven't learned my lesson, I'll act like solo stans of the other members as well!  write your snarks, it could be of any memeber and I'll respond like a manon glazer",analytical_critique
"reminder that u dont hv to be a single digit aged child to be a delusional and parasocial eyebooger 🙄🫩 and all mommy manon's solo stan babies were spamming ""clock ittttt"" and ""he ateeeee"" in the comment section 😭😭",emotional_vent
as if we told her to be an idol,emotional_vent
"Sophia’s Hiatus Do you guys think Sophia might be leaving for good? I know people were expecting her to announce her come back right after the European leg, but she hasn’t yet.",unverified_gossip
Blandchae in the matrix ad 😀 why does she sound like she’s being held at gunpoint she can at least try to sound interested in what she’s saying,analytical_critique
Hot take on other subs cold take on this sub: I hate how people are comparing adela and katseye saying  adela makes inappropiate music to but is she marketed to kids? no? Blow up my girl adela,analytical_critique
"calling someone the visual then having them get all this work done is crazy work tbh * slides 1 to 4, are pre-debut manon
* slides 5 to 6, are manon now

i find it stupid hw H×G scouted manon, praising her for her natural beauty and the ""aura"" that came with it, then they proceeded to fill up her face and alter it

wasnt her beauty the ENTIRE reason yall scouted her in the first place????🫩

and im not even saying this as one of mommy manon's solo stan babies, im just stating facts, they did this to all the girls, erased their ethnical features and blended them into one big blob of what a stereotypical girl from Hollywood should look like 🙄

is the global REALLY in the room with us????",analytical_critique
What do y'all think of this?,emotional_vent
"' they are adults and they can wear whatever they want ' Eyekons live by this sentence as if the only problem are the revealing clothes. We all agree at this point the music they make , the visuals they perform, are simply not for kids. And yet they market towards kids. The dti Collab? Mostly kids play Roblox. That one video of them doing a Q/a typa meetup with kids was so weird. Like their team and they know damn well what they make. It's honestly disgusting at this point, why do the 5th and 4th graders in my bus know katseye? And when sensible people point it out, they rant about misogyny,patriarchy,racism and it's almost always none of that. Can they really wear whatever they want? Yes/maybe , can they MARKET towards any age group they want? FUCK NO. Like it's pissing me off, imagine your kid is playing Dti, they see the katseye section and then search katseye up and the first thing they see is twerking. This whole situation isn't just about how insufferable their music and styling is , but now it's an even bigger problem.",analytical_critique
Even eyekons can write MUCH better lyrics than whoever writes KATSEYE'S songs 😭 Its actually embarrassing how literal 13 year old eyekons can write better verses/lyrics than KATSEYE'S producers. Not to mention the verse the eyekon wrote in the video is 30 seconds long and I bet you if any katseye producer were to write a rap verse it would be about 10 seconds long max lmao 😭🙏,analytical_critique
Megan's bangs Its not cute to say the least,analytical_critique
This has to be worst choreography,analytical_critique
i wonder did this dancer ever smell their 😺 when he put their (daniela & megan) legs around his neck,analytical_critique
"I feel like Hybe encouraged her superiority complex so i wanna start how in DA she, she wasn't the one who auditioned for the group. It was the them who found her on internet and sent her a request if she wishes to join katseye for her ""start quality"". And does someone remember how Kim called her an angel? They needed manon so they let her break rules, slack on training etc If they allowed other girls they would have wanted that too like taking a break from classes and stuff. I don't justify her lazy work ethic but being an idol was never her dream from the start. When she got the opportunity it was more like a side quest rather than a long term dream or goal like other trainees. In katseye she was always laughing or seen embarrassed from the stuff they were asked to do on cam.

And even now she most probably left the group on her own cuz she wasn't really interested in it.

And its good that she left cuz she always thought that she was better then others in katseye

But anyways i gotta say she escaped before Katseye's downfall",unverified_gossip
Bro- I’ve said this once and I’ll say it again. Sophia is more likely to return than Manon. I honestly think Manon will be “on hiatus” until the group disbands. I just wish Geffen said Manon left the group cuz they be giving false narratives to Eyekons. When that does happen yall are more than happy to become OT5+1. It’s a thing in other fandoms for example I’m OT8+1 for SNSD.,unverified_gossip
"Katseye Gemini I just found out Katseye was promoting Gemini lol. Maybe their song writers got a discount code. (Idk if this is real, or ironically ai slop but I’m pretty sure it’s real)

[https://youtube.com/shorts/U8zr9zzJgWs?si=tFExkYoLpqh3r0qn](https://youtube.com/shorts/U8zr9zzJgWs?si=tFExkYoLpqh3r0qn)  
Also  
[https://youtube.com/shorts/JjcygfdcOEk?si=-AEtC9M3NcZU8k26](https://youtube.com/shorts/JjcygfdcOEk?si=-AEtC9M3NcZU8k26)",analytical_critique
70 million streams removed right now vs earlier..,analytical_critique
Daniella Eliminating All The Other Members Found this on Instagram the other day,unverified_gossip
Thank god clothes on Megan Not to mention her outfit is really cute. But yes she is finally wearing clothes!! I remember that one time where she was making a video with Sophia and was only in her bra and pants-,analytical_critique
eyekons r the actual gooners like literally what ????,analytical_critique
This sub is nice for a snark sub I lowkey love how this sub hates hybe more than they hate the girls. This sub also dosent mass attack the girls and more focuses on what hybe makes them do (HYBE X GEFFEN),analytical_critique
Where is Sophia? It is nowSeptember 18th and we have no word if Sophia is coming back or not. This is not looking good…,unverified_gossip
What are your thoughts on this? I'm sorry but I don't agree with this at all. I'm not saying they're talentless but their skills were over exaggerated in this video. What do you guys think?,analytical_critique
What do you think of Sophia's solo song? Personally it's not really good but it's still way better than half of KatsAI's discography,analytical_critique
What is this foot bandage? Did Lara get injured? She doesn't have this bandage on her other foot.,unverified_gossip
"Just because Yoonchae is 18, therefore an adult, doesn't mean she's now invulnerable to abuse and exploitation.",unverified_gossip
"Work done brought down Megan and Manons beauty All the katseye girls except maybe yoonchae have gotten some sort of adjustments. But the ones that really piss me off are Megan's nose job and manons lip filler, it really took from their beauty instead of ""improving"" it. 

Megan's natural nose was so cute and she always looked so pretty in dream academy, I thought she was up there as 2nd prettiest in katseye, but the nose job really brought her down. They chopped her ethnic nose to make her more eurocentric to be ""prettier"", but did the exact opposite. 

And manon was by far the prettiest in the group until she got those awful fillers, ruined her facial harmony. Her filler combined with the very heavy makeup they put on her in their beautiful chaos era completely took her down. Slides 13 - 16 are just gorgeous, thats when she was the visual with no debate, after filler is when ppl started to fight and say dani or lara are the visual (imo shes still the best looking one without makeup). I think she got her fillers disolved now that shes on hiatus tho, but i'm not sure.

I've put before and after pics:

Megan before: 1 - 6

Megan after: 7 - 12

Manon before: 13 -16

Manon after: 17 -20",unverified_gossip
Most streams from Hootie Frutti got removed from Spotify 😭 I had to check if this was real and it is Hybe is never beating the payola allegations it seems,analytical_critique
Hootie Frutti and That Way have lost millions of streams HYBE and their bots.. imagine what their actual numbers are for their other songs⁉️,analytical_critique
"There are so many rumors, which one is not true? Same script on repeat",unverified_gossip
Dani's reaction to random guy calling her Latina Mami in public Ayo wtf,unverified_gossip
"The amount of moaning in the average Katseye song is ridiculous ""Party in the hollywood hills.. ahhhh""

""Hootie frutti ahhh, nice and juicy ahhh, so juicy""

Girl either sing or cum. You can't do both at the same time.",analytical_critique
"Hell NO, They aren't best group and hottie frutti is not song of the summer. Sexual group of sexual song. I don't think they will win in any category but can't say if hybe already paid for it",analytical_critique
"why i think GIRLSET isnt as famous as KATSEYE its simple

drama

girlset doesnt hv anywhere NEAR the drama and controversy that katseye has got going on

see the thing is, H×G take ANY publicity as, well, publicity, whether good or bad, they dgaf, they purposefully set these girls up and stir up drama among them and within the fandom just to get the eyeshits and everyone else talking

if u actually look more closely at the trainwreck katseye is becoming, they arent really famous for their songs (at least, not anymore), theyre famous for the controversy that their songs BRING.....among other things, such as:

* manon's hiatus
* dani's dad's weird ass comments abt her dancing and manon's hiatus
* megina george 🤣
* lara BUTCHERING indian culture
* that fuckass hooty booty mv (only thing wild abt the ep btw and its not even the song itself😭)
* grants dancing 💀💀

and some other things that i forgot (ALOT has happened with katseye in just a span of 9 months😭💀)

another thing is music

im not even trying to glaze girlset but their music is WAY better than that ear bleeding, art butchering, ass cracking music that katseyes team makes

theres also not so much sexualization, that weird ass tactic of marketing to kids, their company trying to ""force"" them into fame too quickly (lots of eyeboogers think that katseye got famous quickly just cuz they were so WOW and EXTRAORDINARY but in actual sense, the company turned them into adseye to make it LOOK like their rise to fame was really quick)

icl when i say that if girlset had as much controversy and drama as katseye, theyd be JUST as famous

thoughts??? i wanna know ur takes on why u think katseye is more famous

(correct me if i was wrong anywhere guys, or sounded stupid🙃)",unverified_gossip
"Being Attractive ≠ Star Quality In the first clip, when the lady was scrolling through Manon’s videos, she just looked like a normal TikToker to me. If she came up on my FYP, I’d probably like the video and keep scrolling, I wouldn’t immediately think, “She has the potential to be a pop star.” We’ve all seen beautiful women on social media, but that doesn’t automatically make us think they could be pop stars.

Bang Si-Hyuk said skill isn’t the most important thing to him and that star power matters more. Personally, I think talent and performance ability should matter a lot more. If I’m paying to see a concert, I want performers who can actually sing and dance, not just attractive people. I’m not a K-pop fan, but I’ve seen plenty of complaints about visually attractive idols who aren’t particularly strong singers or dancers.

They keep saying Manon has the “IT factor” while also admitting she has a low skill set. To me, that’s contradictory. If someone truly has the IT factor as a performer, I’d expect them to have a strong skill set too. This feels like what happens when you scout a social media influencer who has little interest in the performing arts.

The lady saying Manon has this indescribable aura and that you can’t put science or math behind it felt overly dramatic. She basically just found her alluring. Another person said you can’t take your eyes off Manon, but when I watch their performances, Lara and Daniela are the ones who naturally catch my attention, and I’m not even a fan of theirs.

Missy also said Manon has “star quality” but then said she wouldn’t put her in the group. That just shows that people can perceive someone as having star quality or standing out without them necessarily having the skills or talent to back it up.

Even the fan watching the music video basically called her a star because she liked her face the most compared to the other members. Jay said she has star quality too, but she didn’t sound particularly enthusiastic about it. Another lady said that if Manon had the dedication to work, the star would be there, but that her lack of dedication is her downfall, which is why she’s been on hiatus for several months.

And finally, the last guy said Manon commands the room, but like I said before I think Lara and Daniela command the room more when they perform. They’re the ones I find myself watching, not Manon.",unverified_gossip
edited fan meet photos an eyekon said their fan meet photos were photoshopped to different outfits but honestly I can’t tell at the very least their editor might’ve used ai retouch or it’s a lazy photoshop job to make the members look perfect. If it’s true that’s messed up they already need to cancel this whole meet and greet thing if they don’t have enough energy to pose and give their fans cute interactions and photos but hxg wants cash before everything else,analytical_critique
Why Daniela these days tries so hard not to stand close by them I mean you can see every pic or video where she tries so hard to stay further from them or not to touch them slightly even her interaction with other members look so forced,analytical_critique
"Culture shock rant So I'm from Spain and raised extremely Spanish, and though currently living in the Philippines, lived in Spain for over a couple of years, have mostly Spanish friends, and go to Spain every single summer of my life the whole summer break. So yeah, I'm Spanish. And anyways, over there things are different. I honestly had such a culture shock when I just moved to the Philippines because here they like kpop, pop girlies, volleyball, boy bands, basketball, etc. In Spain, we like more reggaeton, latin pop, football, tennis, shakira, Aitana, and stuff like that. You can call this ""sexist"" if you want, but really the Philippines is just so much more....girly. Now, that's not a bad thing, obviously, but really think about my situation for a second. A girl raised in a country slowly recovering from a ""machista"" past (though Spain is significantly growing in feminism and has emerged as a global leader in women's rights and feminist awareness) suddenly moving to a country, or more, a continent, where everyone seems to worship not just these young women acting even younger but also young men acting like babies. Am I not allowed to have a culture shock? And yes, Spain does have significantly famous pop ""girlies"" (though never in our wildest dreams will we call them that) like Aitana, Shakira, Lola Indigo, Ana Mena, Bad Gyal, etc. that EVERYONE likes. Then we also have the sports. What shocked me most after I moved to the Philippines was the fact that NOBODY knew ANYTHING about football. It had just been the 2022 World Cup the summer before, so I tried making friends by talking about it to them like I did in Spain (by the way I know English because my school in Spain was international and completely in English) and it did not work. Why? Because most of them didn't even know what the World Cup was! And words cannot describe how utterly and exaggeratedly SHOCKED I was! It was like surreal for me. But what shocked me most was how bad at sports in general they were. One day after I had just moved in to the Philippines and had finally gotten my group of friends, I went to the school gymnasium with them and asked if they wanted to play football. They said there were no footballs there so I pointed to one and they said it was a soccer ball (they never taught me that word in Spain so I had no idea what that word meant and what they were talking about), and that if I wanted to play I could ask the boys because they only SOMETIMES play. I did. They sucked. I tried volleyball and they had to explain me the entire concept of it from the absolute beginning, because I thought it was like basketball lol. Then I asked if they wanted to play tennis and they said no one here plays tennis. That day stuck with me for the rest of my life. I kind of underestimated what they meant by ""no one here plays tennis"" because a few weeks ago some girl Alex Eala (who I, a big tennis fan, had never heard of in my life even though she won during this summer and I was not only watching every World Cup match with my family and friends but also every major tennis match) won ONE SIMPLE tournament and everyone here was talking about it. My mom even mentioned how Spain won the World Cup to our maid and she just automatically thought my mom was talking about that Alex girl. I know! It's pathetic. Earlier this week my classmate was singing the Dai Dai World Cup song and I started obviously singing along, and then she went, ""Wait, who even won the World Cup"" and I have no words. So I said ""Uh, Spain!?"" in a kind of tone which sounded like i thought she was dumb for not knowing (I do) and the girl beside me said ""Uh, okay!?"" in the same tone as me, AS IF IT WEREN'T A BIG DEAL. THAT BITCH. IT IS A FUCKING BIG DEAL. YOURE JUST SAYING THAT CAUSE YOU STUPID COUNTRY CAN'T EVEN QUALIFY FOR THE WORLD CUP LET ALONE WIN IT!!!!!!!!!!!!!!!!!!!!! But anyways, yeah. And whenever they talk about that kpop group, katseye, it just sounds soooo stupid. I know I'm part of katseye snark but that is precisely the reason. Like when Sophia was on the live stream saying ""Yoonchae is literally a child"" with her annoying ass stupid Filipina accent that annoys the fuck out of me, it gave me SUCH a cringe, because First of all, Yoonchae sounds like such a stupid name, stupider with the Filipina accent, and second of all, that wouldn't even happen in Spain because it wouldn't even be considered problematic to comment ""I wanna marry Yoonchae"". Actually, it would because we don't worship 17 year old girls, celebrities don't do live streams for absolutely no reason, and we don't like stupid groups like katseye. oh my God this rant is so long, no one's gonna read this. bye.",analytical_critique
OMG KATSEYE IS SUCH A MESS no wonder why she left the group :/,emotional_vent
"Lara, showing off culture by arching in the doorway It's not the even the skin I have issue with since typically Desi Lehngas and Saris show skin and kids and grandmas alike wear them. it's the way she sexualizes it. 

she's literally pinning the cloth to a push up bra and arching on a balcony. she's just adding to the sexualization traditional Desi garbs get which are not intended to look ""cunty"". If she wants to wear a bra out, fine, but dont bring my culture into it and say you're ""representing"" me

not to mention its tacky as shit and she needs to find another angle to take pics from",unverified_gossip
What do these coordinates mean?,emotional_vent
"And its always with Lara like other members are not your sisters, Megan? Are they ur enemy lmao",unverified_gossip
"Hi! Your comment/post was removed because your account has under 50 combined karma. This helps us reduce spam and low-quality content. Please try again once your account is more established. Thank you!

*I am a bot, and this action was performed automatically. Please [contact the moderators of this subreddit](/message/compose/?to=/r/katseyesnark_) if you have any questions or concerns.*",analytical_critique
like it's cute and all but I js KNOW in 5 yrs or less we're randomly gonna see these tats lasered off,emotional_vent
"megan get your finger out of your mouth 😭

why do i feel like both of them are gonna regret those tattoos so hard later",emotional_vent
"Adela contributes to writing her songs. Adela doesn't have children's toys product placements. Adela is authentic, connecting with other young adults. 

Whoever made this argument is either an unwell adult, or an ignorant unreasonable child.",analytical_critique
"i uh... i think that it's completely wrong to call anyone performative in regards to their sexuality. What does that even mean? Just because Lara is queer doesn't mean she will always date girls. Also, the grinding and stuff is obviously weird asf but that doesn't translate to cheating 😭",emotional_vent
at least Adela has decent music and can be taken seriously as an artist. if katseye had that and didn't collab with children brad maybe they wouldn't have a fanbase of eyekids,analytical_critique
"She's my fav

![gif](giphy|KcmltL8D2QzYXybxT1)",emotional_vent
Whatever Adela does wrong Katseye does 100 times worse.,analytical_critique
honestly she's kind of bland during Korean interviews as well when she should be translating for everyone else. the language barrier doesn't help nor the fact that the other members never give her time to finish her thoughts,analytical_critique
She doesn't advertise herself to children because she has enough self respect left and wants to be taken seriously as an artist,emotional_vent
Didn't majority of Indians elect Modi? Not sure why you're hellbent on defending this country and its zionism.,unverified_gossip
Her not being in katseye was such a blessing in disguise. Rejection is redirection! I'm glad she was finally able to find her own ways to rebrand herself. That's how she became relevant,emotional_vent
"I don’t think this a new jeans situation where Manon will be silenced forever. 

I believe the theory that she is locked into the Matrix hair contract and is making a lot of money off that along with the other girls if they all keep their mouthes shut.

She said she was having “positive conversations” with HxG which also leads me to believe there are plans to utilize her under the label going forward. She obviously does not fuck with katseye but I also think she is still being compensated and have made plans for future projects.

Even tho she has sprinkled some signs of mistreatment I think the crashout would be far greater if she was trying to severe ties with HxG",analytical_critique
Her dad is Indian. Stop turning this into a political thread which is against the sub rules.,unverified_gossip
I think they saw Sri Lanka and decided to flood the replies. They have such a hate boner for that tiny country because it doesn't want to be annexed by India. 😭,emotional_vent
India wasn't even independent 100 years ago.,emotional_vent
Why tf are those solo stans even here?,analytical_critique
"Also majority of the comments are wrong here. 

I agree that this is a snark page meant to criticize hybe and their product ""Katseye"" but you're all vile for saying the shit you been saying. Her parents are tamil and her grandparents are in Tamil Nadu a state in India. Tamils in Sri Lanka have a brutal history and it might be a sensitive topic for her father which is why I believe he moved back to India.",unverified_gossip
SHE DOESNT EVEN LOOK LIKE LARA IM CRINE... MAYBE ITS ON ACCIDENT BUT THIS IS SO RACIST 😭,emotional_vent
"For someone who’s constantly citing papers it’s crazy you’re getting the timelines wrong, no it is not 100 years old  
Even so leaders such as Atal Bihari Vajpayee has OPENLY talked about siding with Palestinians which was around the 1999s and the govts following that have also supported it. It’s not our fault u choose u cherry pick opinions of the current very fascist regime",emotional_vent
My girl please learn about the tamil eelam genocide in sri lanka.,emotional_vent
Indian Lara solo stans are downvoting you lmao,analytical_critique
It could be that too I think she’s too comfortable with everyone talking for her,emotional_vent
im obsessed with her nose like shes such a cutie hello,emotional_vent
This post/comment was removed because it violates rule #4: No political topics.,emotional_vent
"not someone down voting your reply to my comment , have you an upvote, gotta subside it! 🙈",emotional_vent
so condescending i hate this 😭 like gay people are silly quirky cute little pets in the corner and are all the exact stereotypes,emotional_vent
and danon were ALWAYS the centres together. to the western market theyre the two most marketable members. its only natural w manon absent theyre pushing dani even more,analytical_critique
"""if she's comfortable you have no right to talk"" bro WHAT 😭",emotional_vent
"nose job, lip filler (if ur also counting cosmetic procedures) and some ppl say chin filler and double eyelid surgery",unverified_gossip
"It was mentioned during the Jain commission that the Syed Hameed arranged training in Lebanon for both EROS cadres and LTTE cadres.

That establishes that Sri Lanka under Rajapaksa was friendly with the Palestinian leadership. J. R. Jayewardene’s government developed a security relationship with Israel during the civil war, and that Jayewardene personally asked a Mossad representative for $1 million toward his election campaign in 1987. Jayawardene’s government escalated the situation and even encouraged the progrom. The\*\* \*\*financial request makes the Israeli relationship more complicated than merely an arms-sales relationship. The STF helping the Sri Lankan government makes the Israel–Sri Lanka relationship more substantial than simply “Israel sold Sri Lanka weapons.”

https://www.dailymirror.lk/breaking-news/JR-Jayewardene-sought-1-million-from-Mossad-for-election-campaign-document-reveals/108-335716",unverified_gossip
it's not Daniela's culture regardless,emotional_vent
Daniela looks nearly completely different.,emotional_vent
"I think half the things you mentioned is, I don't have money and I'm depressed, I wouldn't in a million years be bragging out 1, 3 and 4",emotional_vent
"Well if you follow someone boring, you can only edit random bullshit cause they have no moments...",emotional_vent
"nobody cared about dani until she started wearing booty shorts and twerking 24/7. Shes a great dancer (she may over do it sometimes, but she is very skilled) so idky her stans arent just happy with her number 1 dancer spot, they wont be satisfied until all the girls become her official backup",analytical_critique
"i think one reason could be that she still doesn't feel as confident in english as in korean so even tho her english is good now, she still might not feel confident enough to share what she would like to say because she's afraid she might mess up and say something completely wrong on camera. i sort of get it as a bilingual person myself, but there could also be other reasons!",analytical_critique
"fr, its like a fetish, they dgaf about dani when she was blonde but she died her hair black and started calling herself a latina mami and now they glaze her to hell. Alot of her stans are anti-black which is why theyre so desperate to have her as the visual over manon but theyre just delusional",analytical_critique
"Daniela, she looks pretty different idk how to place it",emotional_vent
yeah idk why ppl keep claiming sis era was better w that damaged blonde it doesn’t suit her the dark is better 100%,analytical_critique
India has not historically been pro-Israel. Earlier leaders like Nehru have openly sided with Palestine: https://blogs.lse.ac.uk/southasia/2024/11/18/walking-a-tightrope-india-and-the-palestine-question/,unverified_gossip
If you live in europe you'd know this style all too well,analytical_critique
"I don’t think thats the problem, I just think she zoned out. I’ve seen idols do this even in Korean content",emotional_vent
"woahhh, lip fillers all across the board😭",unverified_gossip
"There's no evidence that PLO ever trained the LTTE. In fact Yasser Arfat of the PLO was a close ally of the government of Sri Lanka 

https://www.un.org/unispal/document/auto-insert-201415/

Libya, Iran, China and even Palestine helped Sri Lanka during the Civil War against Tamil militants. Israel aid to Sri Lanka was not something unique.",unverified_gossip
a girl with curly hair? LATINA MAMI DANI😍😍,analytical_critique
"as much as it’s fault of katseye and HxG for doing promos catering to kids  
This one IS ON THE PARENTS  
You’re telling me they don’t check out about the artists BEFORE SPENDING THEIR OWN MONEY on ts   
They’re ignorant asf",analytical_critique
"and i agree that they want her to have every role. they always take away Megan’s role as the all rounder to give it to daniela. They want their latina mami to be so iconic😭 they want dani to be main dancer, main vocalist, leader, all rounder, visual. bffr. this is why i would hate being in a group with smb that has fans like Daniela. i’m not about to let y’all take my role just to give to someone that y’all only started caring about when they shook ass cheeks in tiny shorts.",analytical_critique
... ain't that the same girl that said she doesn't care about the bts and chris brown situation?,emotional_vent
"nope. after that whole newjeans fiasco, i doubt we’ll actually hear the truth about her hiatus/departure or from manon herself until after her contract ends. the members seem too clearly (and naturally) not be in touch with her either, so things must still be pretty tense despite all the pr friendly responses💀",unverified_gossip
people glaze latinas so much that they can’t stand the thought of a latina mami not getting the role as visual and a black woman got it instead 😭😭,emotional_vent
"culture is different from nationalism, she promotes the culture (tho in the tackiest form possible). Promoting her OWN culture has no fucking relation with a country’s stand point. Politics is recent but culture is fucking ancient",emotional_vent
"god I never knew you HAD to agree with with a fascist regime just cuz you’re born in that, Ty for telling me",emotional_vent
"I am an Indian and I don’t fw any of that, Lara is an Indian and doesn’t fw any of that. I don’t like Lara per se but hating by using SUCH baseless claims is crazy",emotional_vent
Is reading illegal in eyekonville,emotional_vent
"> Cyberbullying can have incredibly serious and devastating consequences.

Man, or miss, just to note this, I do not condone cyberbullying as it is still harmful to one's mental health.

With that out of the way, I think they'll be fine, at least. I already got threatened in this sub one time. Anyways, this sub was created for one purpose, to either criticize or make fun of Katseye.

Look, the girls are talented, and they really are. But they can be lacking at times.

So please, understand what I'm trying to say",unverified_gossip
"https://progressive.international/wire/2026-04-15-declassified-documents-detail-israels-role-at-the-start-of-sri-lankas-civil-war/en/

They supported the PLO and the PLO trained their militant group while the the IDF helped the Sri Lankan army. Why are you being dishonest?",unverified_gossip
"""
I just wanna ask for this not to be taken down please because it’s not just towards this and I this this isn’t to bad bc you made sure nothing was racist and stuff""",emotional_vent
katseye neutral the other way bb,emotional_vent
This is a snark page. This should’ve been posted there…,emotional_vent
"Yep her English is really good by now. I don’t even think it’s fear tbh. More like laziness? Or complacency not having to do much during interviews. Let’s not forget she’s the ‘machnae’ - and even *if* there is some truth to her supposedly being the most introverted member. I also think she’s playing into that stereotype Eyekon fans have put her into that she’s shy to talk, bad English ability, etc. This girl makes a lot of money for her age and has become Americanized MUCH more quickly than a regular Korean, Japanese, Chinese, etc. international student her age studying in the US without her levels of fame, wealth, and countless other resources would.",unverified_gossip
https://timesofindia.indiatimes.com/world/us/indian-origin-musician-lara-rajagopalan-targeted-falsely-reported-to-ice-for-being-an-illegal-alien/articleshow/121891767.cms I got info from this article. It says he is sri lankan tamil,unverified_gossip
"Girl

![gif](giphy|IvrjMBMy5Qi3ZkShjL)",emotional_vent
i agree but the blonde hair was NOT working for her as well as brunette does.,analytical_critique
"What’s with this heavy nose contouring on Lara  
The lip filler on Megan doesn’t suit her face  
Yeah and Dani went from looking beautiful to a b\*tch  
Sophia could have just used a little contour instead of slimming the whole nose, it’s too small now  
Let’s forget Manon, not even here anymore, playing house with those losers.",unverified_gossip
"Great, now say it to the person I responded to.",emotional_vent
why is everyone saying sophia??? /genq i actually thought she would have the least stuff done. what surgeries did she have?,emotional_vent
"Sri Lankan Tamil nationalists are infamously known for their support towards Israel btw. 

https://www.wsws.org/en/articles/2023/11/04/fzhk-n04.html

They have many resemblances to the Iranian diaspora who use foreign lobbying to support regime change in their country in favor of the Zionists. 

So I would be highly skeptical of anything I read about the Tamil Genocide because they have the diaspora privilege to control the discourse in the western world.",unverified_gossip
Geezz i think these photos look so ugly,emotional_vent
Good for you. That doesn't change the fact that India is a Zionist country.,unverified_gossip
I am talking about government response before modi. I am not talking about all citizens. I am not responsible for their actions. I am responsible for mine only.,unverified_gossip
"it’s about her father. if her father doesn’t identify with sri lankan, because of its history, then she wouldn’t identify as sri lankan either. if both of her parents identify as indian then she wouldn’t identify as anything else other than indian.",unverified_gossip
Sophia/yoonchae/dani the others still look tge same without makeup,emotional_vent
"""The war on Gaza doesn’t appear to have significantly shifted views. A [Pew Research survey](https://www.pewresearch.org/short-reads/2026/06/04/most-people-across-36-countries-have-negative-views-of-israel-and-little-confidence-in-netanyahu/) published in June found that more Indians view Israel favourably (32%) than unfavourably (28%). This is in contrast to [the decline of support](https://www.pewresearch.org/short-reads/2026/04/07/negative-views-of-israel-netanyahu-continue-to-rise-among-americans-especially-young-people/) for Israel in many western countries, including the United States, since the war.""  
  
[https://www.theguardian.com/world/2026/aug/10/this-is-india-relationship-with-israel-modi-netanyahu](https://www.theguardian.com/world/2026/aug/10/this-is-india-relationship-with-israel-modi-netanyahu)",unverified_gossip
She looked better during sis era. They all did I don’t like manon but you’re right she was always the visual even if she shot herself in the foot getting fillers she’s still miles ahead Daniella,unverified_gossip
"Which is exactly my point, if she's not associating with Sri Lanka over its history she has 100 more reasons to not associate herself with India. So clearly that's not the reason here.",emotional_vent
Read history. Your ignorance is not my responsibility,emotional_vent
"crazy virtue signaling. at this point, no one should be proud of their ethnicity, because every country has done bad stuff.",emotional_vent
"According to pew research India is one of the four countries that view Israel positively than negatively. It absolutely does reflect the view of the population in this case

[https://www.theguardian.com/world/2026/aug/10/this-is-india-relationship-with-israel-modi-netanyahu](https://www.theguardian.com/world/2026/aug/10/this-is-india-relationship-with-israel-modi-netanyahu)",unverified_gossip
"It was mentioned during the Jain commission that the Syed Hameed arranged training in Lebanon for both EROS cadres and LTTE cadres. 

That establishes that Sri Lanka under Rajapaksa was friendly with the Palestinian leadership. J. R. Jayewardene’s government developed a security relationship with Israel during the civil war, and that Jayewardene personally asked a Mossad representative for $1 million toward his election campaign in 1987. Jayawardene’s government escalated the situation and even encouraged the progrom. The** **financial request makes the Israeli relationship more complicated than merely an arms-sales relationship. The STF helping the Sri Lankan government makes the Israel–Sri Lanka relationship more substantial than simply “Israel sold Sri Lanka weapons.”",unverified_gossip
Daniela looks completely different.,emotional_vent
India has historically not been neutral. It has infamously supported Israel.,unverified_gossip
"Great, but none of that changes India's history and its foreign policy towards Israel.",unverified_gossip
Because India is more popular thank Sri Lanka so there's no money to be made by associating with it.,emotional_vent
I love maitreyi for always mentioning her Sri Lankan routes. Lara literally never has spoken about her sri Lankan routes. It's so sad actually,unverified_gossip
"Spice girls are tied for the largest girl group of all times (as far as sales are concerned) with the Supremes and they reached it in only a couple of years. 

Katseye is the biggest group of the 2020’s but it’s not quite at the Spice Girls level as far as chart performance and sales are concerned.",analytical_critique
"Ngl, i could see hybe( & geffen)  doing some nasty shit like that",analytical_critique
"do agree that manon natural beauty is goddamn amazing but it's true tho that hxg has been trying to push daniela as visual for wayyyy long before than the whole manon hiatus situation, the reason why her entire look has changed is because hybe knows she's pulling in massive numbers. she's lost a lot of following now but she was the most famous during the entirety of gabriela, which was their breakout song. she was the most followed member then, she gets the most centre positions which is understandable for choreography since she's the ""dancer"" but not only that, she's always there in advertisements, music videos, random promotional reels, gets the most screentime. and it's stupid to say that daniela does not look pretty now, because i personally think she looks genuinely pretty(with her eyebrows back lmao), after whatever they've done to her face, it's clearly working🤷‍♀️",unverified_gossip
I think she gets nervous in interviews when she’s live with them she speaks English perfectly she needs to get over that fear,analytical_critique
She’s not ugly but let’s be real she wasn’t the visual back then but i she was kind of always center along side manon,analytical_critique
Why are the comments all of a sudden Manon defenders? Guarantee if this same post was made abt Lara or Dani the comments would absolutely agree. Yall are weird,emotional_vent
Holy balls the lip fillers. Girl got a whole new face. She was so pretty man wtf,unverified_gossip
"She was annoying too, but I feel like Missy was worse, a close second was Mitra",emotional_vent
"I think the Vanity Fair interview was pretty much clear on where they stand with her.

They don't talk to her, either because they are forbidden or they simply do not care.

They said they talk to her ""here and there"".

That's not what you say about your ""sister""",unverified_gossip
"I think she’s also wearing extensions in the first one. Probably mostly for more volume.

Also, I feel like HxG added that blond in the front to experiment if her hair was healthy enough to be colored again…..but it fried the shit out of it instead",analytical_critique
"She still had her curls during DA. They were already damaged, but HxG fried it off during their debut/sis era, because they were constantly straightening the already damaged blond hair",analytical_critique
im more confused why shes the only one without IEMs,analytical_critique
Hard agree on the first one. I have an ethnic nose like Lara and I get to preserve my natural appearance without going under the knife.,emotional_vent
"and hootie frootie isnt even danielas culture, its like saying japanese is yoonchaes culture because they r both from east asia💀",emotional_vent
Which will never work because Megan does not fit Chinese beauty standards and it’s all about visual over there,unverified_gossip
"i used to be an eyekon, Katseye is infact what got me into kpop, but around the internet girl era, they just started giving me more and more mean girl vibes? the things they said and posted, like the pinkpantheress ""jokes"" and the audios and other things that eyekons were praising as ""iconic"" and ""girlboss"" just seemed so mean spirited. Megan used to be my bias, but just started seeming so much like a mean girl, the others as well. The sexualization, bad influence on children, toxic eyekons, mean girl vibes and what not just got so bad i went from fan - neutral disengaged - snarker
because i seriously cannot see these things and not just think how pathetic and bad it is. The Manon hiatus just really was a nail in the coffin because why are they treating this girl like shes Voldemort? If i hear Lara say ""its not our place to say"" one more time im seriously crashing out, its like trying to have a conversation with a Bot. 
I never really liked Lara or Daniela, they always seemed the most off and have continued to be the worst and the downfall.",unverified_gossip
came to the comments to check lol 😭 anyone else?? ⬇️,emotional_vent
"I agree with the blackpink example, girls were actually respectful towards jisso and never cut her off. The thing is that yoonchae gets cut off in interviews and then she gets lazy to put in efforts to speak up. It's crazy how jisoo speaks more than her despite the language barrier.",analytical_critique
"Umm

https://preview.redd.it/awib4dj0quqh1.jpeg?width=1080&format=pjpg&auto=webp&s=52e7c45f25f3f01be6b6d918a06de284b9da1c30",emotional_vent
"I don’t think it’s the language barrier, she’s just quiet honestly",emotional_vent
Most racist and ignorant fandom for such a diverse girlgroup.,emotional_vent
Spice Girls didn't pimp themselves out as softcore pornography actresses,analytical_critique
She has absolutely no self respect.,emotional_vent
"Sophia looks so pretty even before nose job, dont know why they changed it. Actually dont know why all of them changed something on their face unless the company injected some insecurity on their head

Even Manon is ethereal before the lip.filler.",unverified_gossip
"This one

https://www.reddit.com/r/TheDreamAcademy/s/PPMBFOOXBP",emotional_vent
"https://www.reddit.com/r/TheDreamAcademy/s/PPMBFOOXBP

This. She spoke about favoritism and the experience she had as trainee",unverified_gossip
